그의 운명에 대한 아주 개인적인 생각_유시민_생각의길_15,120
주술회전 26 쿼드러플 특장판_아쿠타미 게게(이정운)_서울미디어코믹스(서울문화사)_5,400
리틀 라이프 1_한야 야나기하라(권진아)_시공사_13,320
THE MONEY BOOK 더 머니북_토스_비바리퍼블리카_19,800
리틀 라이프 2_한야 야나기하라(권진아)_시공사_13,320
스파이 패밀리 13_엔도 타츠야_학산문화사(만화)_5,400
주술회전 26 (한정판)_아쿠타미 게게(이정운)_서울미디어코믹스(서울문화사)_54,000
두 사람의 인터내셔널_김기태_문학동네_15,120
빨모쌤의 라이브 영어회화_빨간모자쌤 신용하_웅진지식하우스_19,800
하루 한 장 나의 어휘력을 위한 필사 노트_유선경_위즈덤하우스_21,420
나를 소모하지 않는 현명한 태도에 관하여_마티아스 뇔케(이미옥)_퍼스트펭귄_16,020
영원히 날씬할 방법을 찾고 있어_폴 매케나(서진)_스노우폭스북스_15,120
허송세월_김훈_나남출판_16,200
왕구리네 떡집_김리리(김이랑)_비룡소_11,700
스파이 패밀리 13 (한정판)_엔도 타츠야_학산문화사(만화)_27,000
선재 업고 튀어 1~2 세트 - 전2권_이시은_북로그컴퍼니_45,000
당근밭 걷기_안희연_문학동네_10,800
나는 다정한 관찰자가 되기로 했다_이은경_서교책방_16,020
불변의 법칙_모건 하우절(이수경)_서삼독_22,500
초역 부처의 말_코이케 류노스케(박재현)_포레스트북스_16,020
ETS 토익 정기시험 기출문제집 1000 Vol. 4 Reading (리딩)_ETS_(주)YBM(와이비엠)_17,820
아이가 없는 집_알렉스 안도릴(유혜인)_필름(Feelm)_16,200
퀸의 대각선 1_베르나르 베르베르(전미연)_열린책들_15,120
돈의 심리학 (30만 부 기념 스페셜 에디션)_모건 하우절(이지연)_인플루엔셜(주)_17,820
슬픔에 이름 붙이기_존 케닉(황유원)_윌북_16,920
아주 작은 대화의 기술_레일 라운즈(정지현)_현대지성_17,910
ETS 토익 정기시험 기출문제집 1000 Vol. 4 Listening (리스닝)_ETS_(주)YBM(와이비엠)_17,820
쓰게 될 것_최진영_안온북스_15,120
마흔에 읽는 쇼펜하우어_강용수_유노북스_15,300
퀸의 대각선 2_베르나르 베르베르(전미연)_열린책들_15,120
나의 돈키호테_김호연_나무옆의자_16,200
국어 잘하는 아이가 이깁니다_나민애_김영사_15,750
유전자 지배 사회_최정균_동아시아_15,750
세이노의 가르침 (화이트 에디션)_세이노(SayNo)_데이원_6,480
내 몸 혁명_박용우_루미너스_17,550
내 언어의 한계는 내 세계의 한계이다_김종원_마인드셋_16,920
컬러의 세계_찰스 브라메스코(최윤영)_다산북스_17,820
은랑전_켄 리우(장성주)_황금가지_16,200
슈뻘맨의 숨은 과학 찾기 4_슈뻘맨(서후 외)_미래엔아이세움_13,500
남에게 보여주려고 인생을 낭비하지 마라_아르투어 쇼펜하우어(박제헌)_페이지2(page2)_15,750
나는 읽고 쓰고 버린다_손웅정_난다_15,300
스스로 해내는 아이의 비밀_김보경_제이포럼_16,650
신화의 숲_김헌_포레스트북스_16,200
니체 인생수업_프리드리히 니체(김지민)_하이스트_15,750
모순_양귀자_쓰다_11,700
찌그러져도 동그라미입니다_김창완_웅진지식하우스_16,020
쇼펜하우어 인생수업_아르투어 쇼펜하우어(김지민)_하이스트_15,750
원피스 108_오다 에이치로_대원씨아이(만화)_4,950
홀썸의 집밥 예찬_홀썸모먼트_다산라이프_22,500
녹나무의 여신_히가시노 게이고(양윤옥)_㈜소미미디어_16,920
TV 애니메이션 SPY×FAMILY 공식 가이드북_엔도 타츠야_학산문화사(만화)_18,000
TV 애니메이션 SPY×FAMILY 공식 스타트 가이드_엔도 타츠야_학산문화사(만화)_10,800
일류의 조건_사이토 다카시(정현)_필름(Feelm)_17,820
나는 메트로폴리탄 미술관의 경비원입니다_패트릭 브링리(김희정 외)_웅진지식하우스_15,750
미래의 손_차도하_봄날의책_11,700
쿠이 료코 낙서집 데이드림 아워_쿠이 료코(김민재)_㈜소미미디어_18,000
흔한남매 과학 탐험대 10 : 생태계_흔한남매(김언정 외)_주니어김영사_13,320
아무튼, 디지몬_천선란_위고_10,800
말하지 않으면 인생은 바뀌지 않는다_샘 혼(서은경)_서삼독_18,000
이처럼 사소한 것들_클레어 키건(홍한별)_다산책방_12,420
테일러 스위프트_테일러 스위프트(헬레나 헌트 외)_마음산책_15,300
해커스 토익 기출 VOCA (보카)_David Cho_해커스어학연구소(Hackers)_11,610
질병 해방_피터 아티아(빌 기퍼드 외)_부키_25,200
봄의 폭풍과 몬스터 4_미츠바치 미유키(이슬)_학산문화사(만화)_5,400
바빌론의 부자 멘토와 꼬마 제자_조지 S. 클레이슨_퍼스트펭귄_16,650
2024 큰별쌤 최태성의 별★별한국사 한국사능력검정시험 심화(1, 2, 3급) 상_최태성_이투스북_14,400
감정의 이해_엠마 헵번(김나연)_포레스트북스_15,120
평범하여 찬란한 삶을 향한 찬사_마리나 반 주일렌(박효은)_FIKA(피카)_16,920
마라닉 페이스_이재진(해피러너 올레)_푸른숲_16,200
엄마의 역사 편지_박은봉(우지현)_책과함께어린이_19,800
괴수 8호 12 (트리플 특장판)_마츠모토 나오야(유유리)_서울미디어코믹스(서울문화사)_5,400
어떻게 살 것인가_이광수_이든하우스_15,300
학생회에도 구멍은 있다! 6_무치마로(옷무)_㈜소미미디어_5,400
물고기는 존재하지 않는다_룰루 밀러(정지인)_곰출판_15,300
도둑맞은 집중력_요한 하리(김하현)_어크로스_16,920
EBS 다큐프라임 자본주의_EBS 자본주의 제작팀_가나출판사_15,300
소설 보다 : 여름 2024_서장원(예소연 외)_문학과지성사_4,950
흐르는 강물처럼_셸리 리드(김보람)_다산책방_15,300
채사장의 지대넓얕 10 : 거인의 어깨_채사장(마케마케 외)_돌핀북_13,500
입속 지느러미_조예은_한겨레출판_13,500
제철 행복_김신지_인플루엔셜(주)_16,020
밸류에이션을 알면 10배 주식이 보인다_박순혁_한국경제신문_18,000
2024 큰별쌤 최태성의 별★별한국사 한국사능력검정시험 심화(1, 2, 3급) 하_최태성_이투스북_13,950
아주 세속적인 지혜_발타자르 그라시안(강정선)_페이지2(page2)_12,150
친애하는 슐츠 씨_박상현_어크로스_17,820
오늘 가장 빛나는 너에게 (양장)_이재은_더퀘스트_17,820
동경_김화진_문학동네_13,950
나는 나의 스무 살을 가장 존중한다_이하영_토네이도_16,200
설민석의 한국사 대모험 29_설민석(스토리박스 외)_단꿈아이_11,700
당신을 기다리고 있어_김보영_새파란상상(파란미디어)_9,000
주문은 토끼입니까? 11 한정판_Koi_대원씨아이(만화)_28,800
강인함의 힘_스티브 매그니스(이주만)_상상스퀘어_19,800
챗봇 2025_김덕진(서승완)_스마트북스_22,500
키노 씨네필_키노 씨네필 편집부_플레인_35,000
숙론_최재천_김영사_16,200
읽지 못하는 사람들_매슈 루버리(장혜인)_더퀘스트_19,800
묘쌤은 이렇게 말했다 1_무테키 소다(카나리 토쿠사쿠 외)_㈜소미미디어_5,400
하이큐!! 매거진 2024 MAY_후루다테 하루이치_대원씨아이(만화)_18,000
누군가를 이토록 사랑한 적_이병률_문학과지성사_10,800
사람을 안다는 것_데이비드 브룩스(이경식)_웅진지식하우스_18,000
고비키초의 복수_나가이 사야코(김은모)_은행나무_16,200
삼체 1~3 세트 - 전3권 (출간 10주년 기념 특별판 양장)_류츠신(이현아 외)_자음과모음_60,300
꽃다발은 독_오리가미 교야(이현주)_리드비_15,210
어떻게 극단적 소수가 다수를 지배하는가_스티븐 레비츠키(대니얼 지블랫 외)_어크로스_19,800
나르시시즘의 고통_이졸데 카림(신동화)_민음사_16,200
들이닥친 왕자는 2가지 다른 맛 7_이치노 료(이소연)_서울미디어코믹스(서울문화사)_5,400
2024 제15회 젊은작가상 수상작품집_김멜라(공현진 외)_문학동네_6,930
방과 후 소년 하나코 군 2 (더블특장판)_아이다이로(장혜영)_서울미디어코믹스(서울문화사)_5,400
이동 평균선 투자법_고지로 강사(김정환)_이레미디어_15,300
우리에겐 논쟁이 필요하다_아리안 샤비시(이세진)_교양인_19,800
돈의 속성 (300쇄 리커버 에디션, 양장)_김승호_스노우폭스북스_16,020
흔한남매 16_흔한남매(백난도 외)_미래엔아이세움_13,050
율의 시선_김민서_창비_11,700
구의 증명_최진영_은행나무_10,800
기도를 송두리째 바꾸신 예수 그리스도_박리부가_규장(규장문화사)_17,100
전기밥솥 레시피_호시노 나나코(이진숙)_참돌_3,960
똑똑하게 내 마음을 말하는 법_이임숙(미혜)_데이스타_13,500
털실타래 Vol.8 (2024년 여름호)_일본보그사(김보미 외)_한즈미디어(한스미디어)_19,800
AI 사피엔스_최재붕_쌤앤파커스_19,800
맡겨진 소녀_클레어 키건(허진)_다산책방_11,700
읽으면서 바로 써먹는 어린이 감정 표현_한날_파란정원_11,700
체인소 맨 16_후지모토 타츠키_학산문화사(만화)_5,400
최소한의 경제공부_문지웅_매일경제신문사_16,200
벌새_엘리자 수아 뒤사팽(엘렌 베클랭 외)_북극곰_16,200
일본어 무작정 따라하기 완전판_후지이 아사리_길벗이지톡_23,400
월요일의 타와와 : 청판 8_히무라 키세키_학산문화사(만화)_8,100
수학 1등급 로드맵_김현정_브리드북스_16,200
이기적 유전자_리처드 도킨스(홍영남 외)_을유문화사_18,000
ETS 토익기출 파트별 VOCA 보카_ETS_(주)YBM(와이비엠)_11,700
총 균 쇠_재레드 다이아몬드(강주헌)_김영사_26,820
당신을 측정해 드립니다_권정민_사계절_15,120
나를 사랑하는 것이 먼저다_후션즈(정은지)_지니의서재_16,020
늑대와 토끼의 게임_아비코 다케마루(김윤수)_시공사_15,120
아니사우루스_노인경_책읽는곰_12,600
봄의 폭풍과 몬스터 4 (한정판)_미츠바치 미유키(이슬)_학산문화사(만화)_25,200
오백 년째 열다섯 3_김혜정_위즈덤하우스_12,600
설민석의 세계사 대모험 21_설민석(김정욱 외)_단꿈아이_12,600
내일의 으뜸_김빵_다향_11,700
변방에서 중심으로_문재인(최종건)_김영사_29,700
부모의 어휘력_김종원_카시오페아_17,100
폭염 살인_제프 구델(왕수민)_웅진지식하우스_20,700
코스모스_칼 세이건(홍승수)_사이언스북스_17,910
처음부터 시작하는 주식투자 단타전략_홍인기_길벗_18,900
진짜 나를 찾아라_법정_샘터사_16,200
똥볶이 할멈 6_강효미(김무연)_슈크림북_12,150
활자 잔혹극_루스 렌들(이동윤)_북스피어_15,120
퓨처 셀프_벤저민 하디(최은아)_상상스퀘어_17,820
우리는 왜 죽는가_벤키 라마크리슈난(강병철)_김영사_19,800
우연한 불행_프란츠 카프카(박종대)_위즈덤하우스_13,500
싯다르타_헤르만 헤세(박병덕)_민음사_7,200
룬의 아이들 - 블러디드 7_전민희_엘릭시르_15,300
2024 써니 행정법총론 봉투모의고사_박준철_지금(도서출판)_8,100
디디미니의 맛있어서 평생 습관 되는 다이어트 레시피_미니 박지우_빅피시_19,800
아이는 무엇으로 자라는가_버지니아 사티어(강유리)_포레스트북스_15,750
데일 카네기 인간관계론 (무삭제 완역본)_데일 카네기(임상훈)_현대지성_10,350
던전밥 14_쿠이 료코(김민재)_㈜소미미디어_6,300
사랑이 죽었는지 가서 보고 오렴_박연준_문학동네_10,800
오늘의 간식은 뭐로 하지_마스다 미리(권남희)_반니_15,120
결국 해내는 사람들의 원칙 (리커버 에디션)_앨런 피즈(바바라 피즈 외)_반니_16,200
내게 말을 거는 여행의 장소_우지연_행복우물_17,100
삶이 흔들릴 때 뇌과학을 읽습니다_이케가야 유지(김준기)_힉스_16,200
느리게 나이 드는 기억력의 비밀_김희진_앵글북스_17,820
ETS 토익 단기 공략 750+ (LC + RC)_ETS_(주)YBM(와이비엠)_16,200
당근 할머니_안녕달_창비_12,600
피크아웃 코리아_채상욱(김정훈)_커넥티드그라운드_10,800
결혼·여름_알베르 카뮈(김화영)_책세상_9,720
한 달에 10만원 도시락 만들기_이슬비_길벗_16,920
데미안 (오리지널 초판본 표지디자인)_헤르만 헤세(이미영 외)_코너스톤_2,970
오늘부터는 오를 집만 보인다_앨리스허(허미숙)_다산북스_18,000
미국주식 무작정 따라하기_장우석(이항영)_길벗_19,800
야노 군의 평범한 나날 7_타무라 유이_학산문화사(만화)_5,400
내면소통_김주환_인플루엔셜(주)_29,700
알사탕 제조법_백희나_Storybowl(스토리보울)_9,000
해커스 토익 RC Reading(리딩) 기본서_David Cho_해커스어학연구소(Hackers)_16,920
꽃길이 따로 있나, 내 삶이 꽃인 것을_오평선_포레스트북스_15,120
죽음의 수용소에서_빅터 프랭클(이시형)_청아출판사_8,820
신광은 형사법 진도별 모의고사 : 2024년 2차 대비_신광은_느루(미래인재컴퍼니)_9,900
미로, 길을 잃는 즐거움_헨리 엘리엇(퀴베 외)_궁리_19,800
모모_미하엘 엔데(한미희)_비룡소_19,800
프란츠 카프카 (서거 100주기 특별판)_프란츠 카프카(박병덕)_현대문학_21,600
2024 강해준 2차 대비 전범위 모의고사 1_강해준_새시대_18,000
인공일반지능AGI, 유토피아 혹은 디스토피아?_스켑틱 협회 편집부_바다출판사_15,750
왜 너는 편하게 살고자 하는가_프리드리히 니체(김요한)_RISE(떠오름)_16,020
로스트_오승호(이연승)_블루홀식스(블루홀6)_17,820
진짜 쓰는 실무 엑셀_오빠두(전진권)_제이펍_18,900
인간 본성의 법칙_로버트 그린(이지연)_위즈덤하우스_28,800
메르시 크루아상 Merci Croissant_이지은_모요사_18,900
원씽 The One Thing (60만 부 기념 스페셜 에디션)_게리 켈러(제이 파파산 외)_비즈니스북스_15,120
2024 큰별쌤 최태성의 별★별한국사 기출 500제 한국사능력검정시험 심화 (1, 2, 3급)_최태성_이투스북_17,550
생명력 전개_임승유_문학동네_10,800
지적 대화를 위한 넓고 얕은 지식 1_채사장_웨일북_14,400
여름을 한 입 베어 물었더니_이꽃님_문학동네_11,250
부자의 마지막 가르침_다우치 마나부(김슬기)_북모먼트_17,820
GACHIAKUTA 4_케이 우라나(히데요시 안도)_학산문화사(만화)_5,400
내집으로 와요 1_하라 히데노리_대원씨아이(만화)_10,800
마루는 강쥐 4_모죠_문페이스_14,400
인생은 순간이다_김성근_다산북스_16,200
어떻게 팔지 막막할 때 읽는 카피 책_톰 올브라이튼(정윤미)_비즈니스북스_16,650
고래는 물에서 숨 쉬지 않는다_앤디 돕슨(정미진)_포레스트북스_19,800
데미안_헤르만 헤세(전영애)_민음사_7,200
우리는 모두 죽는다는 것을 기억하라_웨인 다이어(정지현)_토네이도_15,300
던전밥 13_쿠이 료코(김민재)_㈜소미미디어_6,300
홍학의 자리_정해연_엘릭시르_12,600
행복의 기원_서은국_21세기북스_19,800
일본어 단어 무작정 따라하기_후지이 아사리_길벗이지톡_23,400
의사 어벤저스 18 : 신경 질환, 신호를 감지하라!_고희정(조승연 외)_가나출판사_13,320
그때가 배고프지 않은 지금이었으면_김용택_마음산책_11,700
최고의 프롬프트 엔지니어링 강의_김진중_리코멘드_21,600
릿터 Littor 2024.6.7_릿터 편집부_민음사_11,700
최소한의 한국사_최태성_프런트페이지_16,200
모든 것은 기본에서 시작한다_손웅정_수오서재_14,400
하이큐!! : 챔프 쓰레기장의 결전_후루다테 하루이치_대원씨아이(만화)_13,500
프로젝트 헤일메리_앤디 위어(강동혁)_알에이치코리아(RHK)_19,800
모든 아이는 예민하다_김효원_글항아리_16,200
장풍쌤의 과학 풍딱지 1 : 전기 - 의문의 친구, 일렉풍_강주현(양선모 외)_메가스터디북스_15,300
더 젊게 오래 사는 법_디팩 초프라(데이비드 사이몬 외)_나비스쿨_17,820
느리게 나이 드는 습관_정희원_한빛라이프_16,200
착! 붙는 일본어 독학 첫걸음_일본어 공부기술연구소_시사일본어사_15,120
나의 히어로 아카데미아 40_호리코시 코헤이_서울미디어코믹스(서울문화사)_5,400
삼체 1부 : 삼체문제_류츠신(이현아)_자음과모음_15,300
2024 문동균 한국사 실전 봉투모의고사_문동균_에스티유니타스_10,800
소중한 보물들_이해인_김영사_19,800
사카모토 데이즈 14_스즈키 유우토_대원씨아이(만화)_5,400
과학을 보다 2_김범준(김응빈 외)_알파미디어_17,820
게게게의 기타로 요괴 파일 : 세계편_미즈키 시게루_므큐_18,000
소년이 온다 (10주년 한정 특별판, 양장)_한강_창비_13,500
달리기를 말할 때 내가 하고 싶은 이야기_무라카미 하루키(임홍빈)_문학사상_13,050
사카모토 데이즈 15_스즈키 유우토_대원씨아이(만화)_5,400
여름은 오래 그곳에 남아_마쓰이에 마사시(김춘미)_비채_15,120
히든 포텐셜_애덤 그랜트(홍지수)_한국경제신문_19,800
식물에 관한 오해_이소영_위즈덤하우스_19,800
얼룩이 번져 영화가 되었습니다_송경원_바다출판사_16,020
런치의 시간_마스다 미리(이소담)_북포레스트_15,300
석가모니 인생수업_석가모니(김지민)_하이스트_15,750
사카모토 데이즈 1_스즈키 유우토_대원씨아이(만화)_5,400
법구경 마음공부_정운_유노책주_17,100
너의 옆얼굴을 보고 있었다 3_이치노헤 루미_대원씨아이(만화)_4,500
2024 강해준 2차 대비 전범위 모의고사 2_강해준_새시대_18,000
에그박사의 채집 일기 5_에그박사(박송이 외)_미래엔아이세움_12,150
해커스 토익 LC Listening(리스닝) 기본서_David Cho_해커스어학연구소(Hackers)_16,920
혼자일 수 없다면 나아갈 수 없다_프리드리히 니체(김욱)_포레스트북스_15,750
나 혼자만 레벨업 11_장성락(REDICE STUDIO)(추공 외)_디앤씨웹툰비즈_14,400
2024 심우철 실전 동형 모의고사 Season 4_심우철_심슨북스_14,400
주술회전 25_아쿠타미 게게(이정운)_서울미디어코믹스(서울문화사)_5,400
2024 장정훈 경찰학 적중예상 문제풀이 (2차 대비)_장정훈_느루(미래인재컴퍼니)_12,600
고백은 어째서 편지의 형식입니까?_오병량_문학동네_10,800
시한부_백은별_바른북스_15,120
엄마 아닌 여자들_페기 오도널 헤핑턴(이나경)_북다_16,920
나의 첫 시나리오_정서경(김라온 외)_돌고래_22,500
사피엔스_유발 하라리(조현욱 외)_김영사_24,120
데일 카네기 자기관리론_데일 카네기(임상훈)_현대지성_10,350
세상의 마지막 기차역 (리커버 에디션)_무라세 다케시(김지연)_모모_12,600
감으로 읽고 각으로 쓴다_김미옥_파람북_16,650
원페이지 교육학 기본서 상_Dave_새벽노을_38,000
콜린스 어린이 영영 사전 Collins First School Dictionary_Collins 사전 편집부(마리아 허버트 류 외)_윌북주니어_21,420
세계를 움직인 열 가지 프레임_수바드라 다스(장한라)_북하우스_18,000
에디토리얼 씽킹_최혜진_터틀넥프레스_18,000
사카모토 데이즈 2_스즈키 유우토_대원씨아이(만화)_5,400
환영합니다 성령님_손기철_규장(규장문화사)_22,500
에이든 국내여행 가이드북 (2024-2025 개정증보2판)_타블라라사 편집부(이정기)_타블라라사_23,850
별의 커비 푸푸푸 히어로 4_아오키 케이(미카마루 외)_다산어린이_9,900
오십, 나는 재미있게 살기로 했다_이서원_나무사이_15,300
슈퍼코인 투자지도_박종한_거인의정원_25,200
이세계 유유자적 농가 9_나이토 키노스케(야스모 외)_영상출판미디어(주)_9,000
세컨드 브레인은 옵시디언_시안_골든래빗(주)_22,500
참을 수 없는 존재의 가벼움_밀란 쿤데라(이재룡)_민음사_15,300
5번 레인 (20만 부 정면돌파 에디션)_은소홀(노인경)_문학동네_11,250
좋은 문장 표현에서 문장부호까지!_이수연_마리북스_16,200
월급쟁이 부자로 은퇴하라 (10만 부 돌파 기념 증보판)_너나위_알에이치코리아(RHK)_17,820
2024 해커스경찰 갓대환 형사법 진도별 문제풀이 1000제 2차 시험 대비 (경찰공무원)_김대환_해커스경찰_33,300
천지신명은 여자의 말을 듣지 않지_김이삭_래빗홀_15,120
퍼스널 MBA_조쉬 카우프만(박상진 외)_진성북스_31,950
최민준의 아들코칭 백과_최민준_위즈덤하우스_16,920
임신 출산 육아 대백과 (최신개정판)_삼성출판사 편집부_삼성출판사_17,550
던전밥 월드 가이드 모험자 바이블_쿠이 료코(김민재)_㈜소미미디어_10,800
녹나무의 파수꾼_히가시노 게이고(양윤옥)_㈜소미미디어_16,020
나쁜 책_김유태_글항아리_17,820
Go Go 카카오프렌즈 32 : 아르헨티나_김미영(김정한)_아울북_15,120
미오기傳_김미옥_이유출판_16,200
오늘도 나는 집으로 간다_나태주_열림원_15,120
이야기 요정_정미진(최연주)_엣눈북스(atnoonbooks)_16,200
2024 선재국어 실전 봉투 모의고사 2_이선재_에스티유니타스_15,300
던전밥 11_쿠이 료코(김민재)_㈜소미미디어_6,300
사카모토 데이즈 3_스즈키 유우토_대원씨아이(만화)_5,400
마음 해방_곽정은_웅진지식하우스_16,650
봄비를 맞다_황동규_문학과지성사_10,800
이렇게 작지만 확실한 행복_무라카미 하루키(안자이 미즈마루 외)_문학사상_14,400
증오의 시대, 광기의 사랑_플로리안 일리스(한경희)_문학동네_27,000
헨리_자크 마에스(리서 브라에커르스 외)_고트(goat)_20,900
문과 남자의 과학 공부_유시민_돌베개_15,750
던전밥 12_쿠이 료코(김민재)_㈜소미미디어_6,300
보편의 단어_이기주_말글터_14,400
왜 당신은 다른 사람을 위해 살고 있는가_고윤(페이서스 코리아)_딥앤와이드(Deep&WIde)_12,600
바르게 살지 마라 무섭도록 현명하게 살아라_발타자르 그라시안(김종희)_빅피시_15,120
일할 사람이 사라진다_이철희_위즈덤하우스_18,000
백일 편지_김호진_펜타클_16,020
벌거벗은 한국사 : 근현대편_tvN STORY 〈벌거벗은 한국사〉 제작팀_프런트페이지_16,650
피아_자크 마에스(리서 브라에커르스 외)_고트(goat)_20,900
긴긴밤 (50만 부 기념 감사 패키지)_루리_문학동네_10,350
패밀리 레스토랑 가자. 上_와야마 야마(현승희)_문학동네_7,650
감정 호텔_리디아 브란코비치(장미란)_책읽는곰_13,500
2024 단기 합격 해커스공기업 NCS 통합 기본서 직업기초능력평가+직무수행능력평가_윤종혁(김소원 외)_해커스공기업_24,300
더 그레이트 비트코인_오태민_(주)거인의정원_31,500
사카모토 데이즈 4_스즈키 유우토_대원씨아이(만화)_5,400
건축가의 공간 일기_조성익_북스톤_16,200
당신의 뇌는 나이 들지 않는다_토니 부잔(레이먼드 킨 외)_비즈니스북스_16,020
원룸, 햇볕 보통, 천사 딸림 6_마토바(이진주)_디앤씨미디어(주)(D&C미디어)_5,400
불편한 편의점 (벚꽃 에디션)_김호연_나무옆의자_12,600
아주 희미한 빛으로도_최은영_문학동네_15,120
인간 실격_다자이 오사무(김춘미)_민음사_8,100
10대를 위한 총균쇠 수업_김정진_넥스트씨_14,400
남편을 내 편으로 만드는 방법 3 (한정판)_시루(냥이와향신료)_캐롯툰_33,300
하이큐!! 10th 크로니클_후루다테 하루이치_대원씨아이(만화)_21,600
비트코인, 그리고 달러의 지정학_오태민_(주)거인의정원_49,500
악마에 입문했습니다! 이루마 군 공식 팬북_니시 오사무(이승원)_서울미디어코믹스(서울문화사)_14,400
무조건 팔리는 스토리 마케팅 기술 100_가와카미 데쓰야(최지현)_동양북스(동양문고)_16,020
해커스 보카 (Hackers Vocabulary)_David Cho_해커스어학연구소(Hackers)_15,210
전설로 떠나는 월가의 영웅_피터 린치(존 로스차일드 외)_국일증권경제연구소_23,400
눈물꽃 소년_박노해_느린걸음_16,200
건너가는 자_최진석_쌤앤파커스_17,820
미래의 나를 만난 후 오늘이 달라졌다_할 허시필드(정윤미)_비즈니스북스_15,750
빵도둑, 꼬마 주먹밥 길을 떠나다_시바타 게이코(황진희)_길벗어린이_12,600
이 시를 그때 읽었더라면_안도현(신철)_모악_10,800
타이탄의 도구들 (블랙 에디션)_팀 페리스(박선령 외)_토네이도_16,200
지적 대화를 위한 넓고 얕은 지식 2_채사장_웨일북_14,400
호르몬은 어떻게 나를 움직이는가_막스 니우도르프(배명자)_어크로스_19,800
예측투자_마이클 J. 모부신(알프레드 래퍼포트 외)_부크온(부크홀릭)_24,750
2024 신용한 행정학 실전과 가장 유사한 지방직 9급 모의고사_신용한(신용한행정학연구소)_메가스터디교육(공무원)_10,800
김보영의 스텔라 오디세이 트릴로지 세트 - 전3권_김보영_새파란상상(파란미디어)_27,000
우리의 여름에게_최지은_창비_12,600
아르고호의 선원들_매기 넬슨(이예원)_플레이타임_14,400
태어난 김에 물리 공부_커트 베이커(고호관)_윌북_17,820
생기부 고전 필독서 30 : 한국문학 편_배혜림_데이스타_18,900
스스로 창조한 나_제임스 앨런(서진)_스노우폭스북스_15,120
아무도 가르쳐주지 않는 주식 자동매매_송동현_헤리티지_22,500
도시와 그 불확실한 벽_무라카미 하루키(홍은주)_문학동네_17,550
이방인_알베르 카뮈(김화영)_민음사_9,000
지박소년 하나코 군 21 (트리플 특장판)_아이다이로(장혜영)_서울미디어코믹스(서울문화사)_5,400
파과 (리커버)_구병모_위즈덤하우스_14,220
샤워젤과 소다수_고선경_문학동네_10,800
던전밥 10_쿠이 료코(김민재)_㈜소미미디어_6,300
원칙으로 수익 내는 단타의 기술_원정연(만쥬)_길벗_19,800
원페이지 교육학 기본서 하_Dave_새벽노을_38,000
실패의 기술과 퀴어 예술_잭 핼버스탬(허원)_현실문화_25,200
심야식당 28_아베 야로(장지연)_미우(대원씨아이)_8,550
돌봄의 사회학_우에노 지즈코(조승미 외)_오월의봄_43,200
책의 역사_다카미야 도시유키(김수희)_AK(에이케이)커뮤니케이션즈_16,020
촌구석 아저씨, 검성이 되다 3_사토 카즈키(사가자키 시게루 외)_대원씨아이(만화)_5,400
경영, 이나모리 가즈오 원점을 말하다_이나모리 가즈오(이나모리 라이브러리 외)_21세기북스_35,820
어른의 어휘력 (양장)_유선경_앤의서재_16,920
화폐 권력과 민주주의_최배근_월요일의꿈_16,920
스톤 매트리스_마거릿 애트우드(양미래)_황금가지_15,300
신자산가의 인생 습관_서정덕_지와인_16,200
아르슬란 전기 20_아라카와 히로무(다나카 요시키)_학산문화사(만화)_5,400
게스트_B. A. 패리스(박설영)_모모_15,300
자본 없는 자본주의_조너선 해스컬(스티언 웨스틀레이크 외)_에코리브르_17,550
백만 유튜버 구드래곤_박현숙(이경석)_다산어린이_12,600
나에게 들려주는 예쁜 말_김종원(나래)_상상아이_15,120
사카모토 데이즈 5_스즈키 유우토_대원씨아이(만화)_5,400
Glow 글로우_노엘리아 곤살레스(사라 보카치니 메도스 외)_FIKAJUNIOR(피카주니어)_17,820
엄마의 말 그릇_김윤나_카시오페아_17,100
입시 읽어주는 엄마_이춘희_체인지업_19,800
나를 말하는 1인칭 영어 표현들_이지연_사람in_16,200
노마드_앤서니 새틴(이순호)_까치_19,800
2024/2025 일본에서 유행하는 것들_이하나_브레인스토어_16,200
마르지 않아도 잘 사는데요_노은솔_21세기북스_17,820
회복탄력성 (15만부 기념 리커버)_김주환_위즈덤하우스_13,320
가난한 아이들은 어떻게 어른이 되는가_강지나_돌베개_15,750
용선생 교과서 세계사 1_사회평론 역사연구소(송용운 외)_사회평론_14,400
고백의 언어들_김기석_복있는사람_19,800
여행의 이유 (개정증보판)_김영하_복복서가_15,120
늪 100층짜리 집_이와이 도시오(김숙)_북뱅크_13,500
던전밥 9_쿠이 료코(김민재)_㈜소미미디어_6,300
새벽의 연화 42_미즈호 쿠사나기(이상은)_학산문화사(만화)_5,400
어린이를 위한 돈의 속성_서진(돈의 속성 외)_스노우폭스북스_13,500
완벽에 관하여_마크 엘리슨(정윤미)_북스톤_18,000
2025 네친구 장정훈 경찰학_장정훈_느루(미래인재컴퍼니)_19,800
마음정원_한성주_북코리아_17,100
나는 파리의 한국인 제빵사입니다_서용상(양승희)_남해의봄날_17,550
키위엔 영어회화 하루 5분의 기적_박강준_키위엔_17,550
레버리지 (20만 부 기념 블랙에디션)_롭 무어(김유미)_다산북스_16,200
SQL 자격검정 실전문제_한국데이터산업진흥원_한국데이터산업진흥원_17,100
백년 허리 2 : 치료편_정선근_언탱글링_16,650
JLPT 일본어능력시험 한권으로 끝내기 N3_이치우(기타지마 치즈코)_다락원_24,300
일본어 문법 무작정 따라하기_후지이 아사리_길벗이지톡_23,400
속뜻풀이 초등국어사전 2022_전광진_속뜻사전교육출판사_47,700
던전밥 8_쿠이 료코(김민재)_㈜소미미디어_6,300
치즈덕이라서 좋아!_나봄_필름(Feelm)_17,820
빚 10억이 선물해준 자유_수리야킴_노들_17,820
우리는 60년을 연애했습니다_라오 핑루(남혜선)_윌북_6,660
미래는 생성되지 않는다_박주용_동아시아_17,820
해피 퍼킹 라이프 5_하라다_현대지능개발사_5,400
삐뽀삐뽀 119 소아과 (개정13판)_하정훈_유니책방_26,820
28시간에 끝내는 토익스피킹 스타트_황인기(제이크)(시원스쿨어학연구소)_시원스쿨LAB_16,110
컨셉 수업_호소다 다카히로(지소연 외)_알에이치코리아(RHK)_19,800
169층 나무 집_앤디 그리피스(테리 덴톤 외)_시공주니어_13,500
용선생 교과서 세계사 2_사회평론 역사연구소(송용운 외)_사회평론_14,400
리버보이_팀 보울러(정해영)_다산책방_13,500
오픽노잼_Sam Park(오픽노잼)_파고다_23,400
봇치·더·록! 앤솔러지 코믹 1 : 특별판 1st Extended Play_하마지 아키(치바 사도루)_대원씨아이(만화)_16,200
세스 매트리얼_제인 로버츠(매건 김)_터닝페이지_22,500
사카모토 데이즈 6_스즈키 유우토_대원씨아이(만화)_5,400
수학자의 생각법_마커스 드 사토이(김종명)_북라이프_18,900
김전일 37세의 사건부 15_아마기 세이마루(사토 후미야)_서울미디어코믹스(서울문화사)_4,950
이 멋진 세계에 축복을! 요리미치! 3_아카츠키 나츠메(미시마 쿠로네 외)_디앤씨미디어(주)(D&C미디어)_7,650
데이비드 호킨스의 놓아 버림 연습_데이비드 호킨스(박찬준)_판미동_14,400
흑막 용을 키우게 되었다 시즌 2 세트 - 전2권 (완결)_소탄(달슬)_오렌지디_29,700
호밀밭의 파수꾼_제롬 데이비드 샐린저(정영목)_민음사_10,800
철학은 날씨를 바꾼다_서동욱_김영사_16,920
동아 연세 초등국어사전_동아출판(참고서) 편집부_동아출판(사전)_32,400
4~7세보다 중요한 시기는 없습니다 (15만 부 기념 에디션)_이임숙_카시오페아_17,100
2024 시나공 퀵이지 컴퓨터활용능력 2급 필기 + 실기 통합본 단기완성_길벗 R&D(강윤석 외)_길벗_25,200
미스테리아 51호_미스테리아 편집부_엘릭시르_17,100
씨 유 어게인_김지윤_클레이하우스_15,300
달님이 바라시는 대로 6_키우치 라무네(박소현)_서울미디어코믹스(서울문화사)_5,400
1984_조지 오웰(정회성)_민음사_9,900
부자의 그릇 (블랙 에디션)_이즈미 마사토(김윤수)_다산북스_15,300
해커스 일본어 첫걸음 : 기초 20일 독학 완성!_해커스JLPT연구소_해커스어학연구소(Hackers)_12,510
놓아 버림_데이비드 호킨스(박찬준)_판미동_17,100
김형석, 백 년의 지혜_김형석_21세기북스_19,800
매주 달러 받는 배당주 통장_장우석_페이지2(page2)_17,820
반딧불이의 혼례 1 (한정판)_타치바나 오레코(유유리)_서울미디어코믹스(서울문화사)_19,800
세븐 스플릿_박성현_액티브_16,200
저는 브랜딩을 하는 사람입니다_허준_필름(Feelm)_16,650
원페이지 교육학 암기노트_Dave_새벽노을_38,000
2025 문동균 한국사 한 권으로 모든 것을 정리하는 판서노트 (한정판)_문동균_에스티유니타스_14,400
한 컷 쏙 과학사_윤상석(박정섭 외)_풀빛_13,500
흑박물관 초승달이여, 괴물과 춤추어라 3_후지타 카즈히로_학산문화사(만화)_8,100
민쩌미의 쩜그레 6_배아이(민쩌미 외)_겜툰_12,150
전시_나탈리 레제(김예령)_봄날의책_14,400
원문에 가까운 번역문을 만드는 법_강주헌_길벗이지톡_34,200
서투른 선배 7_쿠도 마코토_대원씨아이(만화)_4,950
부의 추월차선 (10주년 스페셜 에디션)_엠제이 드마코(신소영)_토트_15,750
지적 대화를 위한 넓고 얕은 지식 : 제로 편_채사장_웨일북_17,820
시대예보: 핵개인의 시대_송길영_교보문고(단행본)_18,900
삐뽀삐뽀 119 이유식_하정훈_유니책방_17,010
영어 회화 핵심패턴 233_백선엽_길벗이지톡_16,200
에그박사 12_에그박사(박송이 외)_미래엔아이세움_13,050
명탐정 코난 104_아오야마 고쇼_서울미디어코믹스(서울문화사)_5,400
이지패스 2024 ADsP 데이터분석 준전문가 (수험서 앱 제공)_전용문(박현민)_위키북스_25,200
아직도 악어와 악어새 이야기를 믿어?_이하늬_스테이블_14,850
cis의 주식 투자 법칙_cis(김정환)_이레미디어_16,650
사카모토 데이즈 7_스즈키 유우토_대원씨아이(만화)_5,400
삼체 3부 : 사신의 영생_류츠신(허유영)_자음과모음_22,500
바다가 들리는 편의점 3_마치다 소노코(황국영)_모모_13,950
이 지랄맞음이 쌓여 축제가 되겠지_조승리_달_15,120
원페이지 교육학 서브노트_Dave_새벽노을_36,100
삶의 반대편에 들판이 있다면_문보영_한겨레출판_16,200
결국, 오프라인_최원석_디자인하우스_19,800
테슬라 폭발적 성장 시나리오_강정수(김이라 외)_더스퀘어_17,820
나병관 프로의 탈골 스윙_나병관_싸이프레스_25,200
2024 와우패스 외환전문역 1종 최종정리문제집_와우패스 교수진_와우패스_21,600
챗GPT 사용설명서 버전업 2024_송준용_여의도책방_22,500
2025 전한길 한국사 합격생 필기노트 (스프링)_전한길_메가스터디교육(공무원)_13,500
유녀전기 16_토죠 치카(카를로 젠 외)_영상출판미디어(주)_4,950
회색 인간_김동식_요다_11,700
수레바퀴 아래서 (오리지널 초판본 표지디자인)_헤르만 헤세(박지희 외)_코너스톤_2,970
침팬지 폴리틱스_프란스 드 발(장대익 외)_바다출판사_16,200
2024 이동기 영어 직전동형 모의고사 Vol.2_(주)이앤미래(대표 이동기)_지금(도서출판)_13,500
던전밥 7_쿠이 료코(김민재)_㈜소미미디어_6,300
던전밥 6_쿠이 료코(김민재)_㈜소미미디어_6,300
반딧불이의 혼례 1_타치바나 오레코(유유리)_서울미디어코믹스(서울문화사)_7,650
인간은 노력하는 한 방황한다_김종원_마인드셋_16,920
2025 해커스임용 설보연 SANTA 교육학 씬(Thin) 찐 단권화 (이론 Ver.)_설보연_해커스임용_18,000
꿈을 이룬 사람들의 뇌_조 디스펜자(김재일 외)_한언출판사_17,100
만약 고교야구 여자 매니저가 피터 드러커를 읽는다면 : 매니지먼트 편_이와사키 나쓰미(권일영)_동아일보사_15,300
코미 양은 커뮤증입니다 29_오다 토모히토(박경용)_㈜소미미디어_5,400
좋음과 싫음 사이_서효인_난다_13,500
떴다! 지식 탐험대 : 음악_장보람(나오미양 외)_시공주니어_10,800
그 시를 읽고 나는 시인이 되었네_김용택(정호승 외)_모악_11,700
사주는 없다_이재인_바다출판사_15,750
어느 하루 눈부시지 않은 날이 없었습니다_정덕현_페이지2(page2)_15,750
부자 아빠 가난한 아빠 1 (20주년 특별 기념판)_로버트 기요사키(안진환)_민음인_15,300
돈, 뜨겁게 사랑하고 차갑게 다루어라_앙드레 코스톨라니(한윤진)_미래의창_10,800
나는 소망한다 내게 금지된 것을_양귀자_쓰다_13,500
ETS 토익 단기 공략 850+ (LC + RC)_ETS_(주)YBM(와이비엠)_17,550
스킵과 로퍼 8_타카마츠 미사키(신혜선)_YNK MEDIA(만화)_5,400
맞춤법에 진심인 편_차민진(밍찌)(이혜원)_풀빛_13,050
던전밥 4_쿠이 료코(김완)_㈜소미미디어_6,300
사카모토 데이즈 13_스즈키 유우토_대원씨아이(만화)_5,400
셰이커_이희영_래빗홀_13,500
인성에 비해 잘 풀린 사람_남궁인(손원평 외)_문학동네_15,120
바나나가 더 일찍 오려면_정진호_사계절_13,500
상위 1%의 비밀은 공부정서에 있습니다_정우열_저녁달_16,020
꽃을 보듯 너를 본다_나태주_지혜_9,900
불안_알랭 드 보통(정영목)_은행나무_13,500
경제금융용어 700선_한국은행_한국은행_7,600
내가 알고 있는 걸 당신도 알게 된다면 (리커버 에디션)_칼 필레머(박여진)_토네이도_15,300
과학을 보다_김범준(서균렬 외)_알파미디어_17,820
사카모토 데이즈 8_스즈키 유우토_대원씨아이(만화)_5,400
남은 인생 10년_코사카 루카(김지연)_모모_15,300
퐁 카페의 마음 배달 고양이_시메노 나기(박정임)_놀_15,300
아무리 잘해줘도 당신 곁에 남지 않는다_전미경_위즈덤하우스_16,200
안과 겉_알베르 카뮈(김화영)_책세상_9,720
2025 신광은 형법 총론 기본서_신광은_느루(미래인재컴퍼니)_26,100
여행자의 어원 사전_덩컨 매든(고정아 외)_윌북_16,920
데드데드 데몬즈 디디디디 디스트럭션 5_아사노 이니오(유유리)_서울미디어코믹스(서울문화사)_7,650
시간 안에서 사는 법_제임스 K. A. 스미스(박세혁)_비아토르_16,200
하늘과 바람과 별과 인간_김상욱_바다출판사_16,020
당신은 결국 무엇이든 해내는 사람 (10만 부 기념 특별 리커버 에디션)_김상현_필름(Feelm)_15,300
백년운동_정선근_아티잔_17,550
오십에 읽는 주역_강기진_유노북스_15,300
어서 오세요, 휴남동 서점입니다 (일본서점대상 수상기념 리커버)_황보름_클레이하우스_13,500
던전밥 1_쿠이 료코(김완)_㈜소미미디어_6,300
던전밥 5_쿠이 료코(김민재)_㈜소미미디어_6,300
사카모토 데이즈 9_스즈키 유우토_대원씨아이(만화)_5,400
사랑하라, 거짓된 천사들이여 2_Coco Uzuki(정효진)_서울미디어코믹스(서울문화사)_5,400
사카모토 데이즈 11_스즈키 유우토_대원씨아이(만화)_5,400
세상을 보는 눈을 넓히는 똑똑한 초등신문 2_신효원_책장속북스_17,550
2025 신광은 기본서 형소법 1 : 수사/증거_신광은_미래인재_23,400
몰입 확장판_황농문_알에이치코리아(RHK)_22,500
백앤아 6 : 저주 걸린 장난감 가게_백앤아(지유리 외)_샌드박스스토리 키즈_15,120
요리는 소스빨_소연남_페이퍼버드_16,200
악마에 입문했습니다! 이루마 군 26_니시 오사무(이승원)_서울미디어코믹스(서울문화사)_5,850
이세계 삼촌 10_호톤도신데이루(김민준)_영상출판미디어(주)_7,200
2025 신경향 이동기 공무원 VOCA_이동기_지금(도서출판)_21,600
스파이 패밀리 : 오퍼레이션 컬러링북 FAMILY_엔도 타츠야_학산문화사(만화)_9,000
천국어 사전_조성래_타이피스트_10,800
태어난 김에 화학 공부_알리 세제르(고호관)_윌북_17,820
아다치와 시마무라 11_이루마 히토마(NON)_학산문화사(라이트노벨)_6,300
남팬만화 7_장진_위즈덤하우스_14,400
대속을 다시 생각하다_사이먼 개더콜(이철민)_IVP_13,050
죽이고 싶은 아이_이꽃님_우리학교_11,250
원피스 107_오다 에이치로_대원씨아이(만화)_4,950
미움받을 용기 (200만 부 기념 스페셜 에디션)_기시미 이치로(고가 후미타케 외)_인플루엔셜(주)_14,310
던전밥 2_쿠이 료코(김완)_㈜소미미디어_6,300
사카모토 데이즈 10_스즈키 유우토_대원씨아이(만화)_5,400
글루코스 혁명_제시 인차우스페(조수빈 외)_아침사과_18,000
미국주식 처음공부_수미숨(상의민)(애나정)_이레미디어_19,800
철학자 예수_강남순_행성B(행성비)_18,000
괴수 8호 6_마츠모토 나오야(유유리)_서울미디어코믹스(서울문화사)_4,950
괴수 8호 9_마츠모토 나오야(유유리)_서울미디어코믹스(서울문화사)_5,400
엘리어트 파동이론_김중근_사계절_16,200
인간 실격 (오리지널 초판본 표지 디자인)_다자이 오사무(장하나)_코너스톤_2,970
수상한 이웃집 시노다 5_도미야스 요코(오바 켄야 외)_다산어린이_12,600
당신이 보지 못한 희귀 사진 - 전3권_쉬충마오_서해문집_243,000
어린이라는 사회_이세이_포레스트북스_16,020
역행자 확장판_자청_웅진지식하우스_17,550
아주 작은 습관의 힘_제임스 클리어(이한이)_비즈니스북스_14,400
세계를 건너 너에게 갈게_이꽃님_문학동네_11,250
메리골드 마음 세탁소 (30만 부 기념 한정 플라워 에디션)_윤정은_북로망스_13,500
영어 필사 100일의 기적_퍼포먼스 코치 리아_넥서스_13,500
사랑을 무게로 안 느끼게_박완서_세계사_16,200
일본어 상용한자 무작정 따라하기 1_권경배_길벗이지톡_23,400
위풍당당 여우 꼬리 5_손원평(만물상)_창비_11,700
내 이름은 데몬 코퍼헤드_바버라 킹솔버(강동혁)_은행나무_22,500
세상에서 가장 알기 쉬운 근육연결도감_키마타 료(장하나)_중앙books(중앙북스)_15,750
일러두기_조경란(김기태 외)_문학사상_14,850
어떻게 민주주의는 무너지는가_스티븐 레비츠키(대니얼 지블랫 외)_어크로스_15,120
꼬마셰프와 시작하는 첫 요리_김주호&주호맘(이지혜)_혜지원_16,650
울어라, 펜 1_시마모토 카즈히코_미우(대원씨아이)_9,000
뿐이 토핑 이유식_정주희(이수진)_서사원_26,820
도쿄 리벤저스 : 바지 케이스케로부터의 편지 3_나츠카와구치 유키노리(와쿠이 켄)_학산문화사(만화)_5,400
히든 픽처스_제이슨 르쿨락(유소영)_문학수첩_12,600
괴수 8호 7_마츠모토 나오야(유유리)_서울미디어코믹스(서울문화사)_5,400
어른의 기분 관리법_손힘찬(이영탁 외)_어센딩_15,120
소셜 비헤이비어_김성준(홍현경)_웨일북_16,650
성스러운 술집이 문 닫을 때_로런스 블록(박진세)_피니스아프리카에_13,500
세상이라는 나의 고향_아마르티아 센(김승진)_생각의힘_29,700
원더랜드 작품집 : MOVIE ARTBOOK_김태용(김대식)_김영사_45,000
아버지의 해방일지_정지아_창비_13,500
공정하다는 착각_마이클 샌델(함규진)_와이즈베리_16,200
해커스 토익 스타트 RC Reading (리딩) 입문서_David Cho_해커스어학연구소(Hackers)_13,410
천 개의 파랑_천선란_허블_12,600
사랑의 기술_에리히 프롬(황문수)_문예출판사_14,400
깨진 틈이 있어야 그 사이로 빛이 들어온다_프리드리히 니체(김신종)_페이지2(page2)_16,920
JLPT 일본어능력시험 한권으로 끝내기 N2_이치우(기타지마 치즈코)_다락원_24,300
프레임_최인철_21세기북스_18,000
물질의 세계_에드 콘웨이(이종인)_인플루엔셜(주)_26,820
Do it! 점프 투 파이썬_박응용_이지스퍼블리싱_19,800
마음 지구력_윤홍균_21세기북스_19,800
던전밥 3_쿠이 료코(김완)_㈜소미미디어_6,300
정재승의 인간 탐구 보고서 14 : 인간, 돈의 유혹에 퐁당 빠지다_정재은(김현민 외)_아울북_14,220
다니엘스의 러닝 포뮬러_잭 다니엘스(주용태)_인간희극_19,800
2024 선재국어 최종 점검 파이널 모의고사_이선재_에스티유니타스_9,900
사카모토 데이즈 12_스즈키 유우토_대원씨아이(만화)_5,400
정오에서 가장 먼 시간_도종환_창비_9,900
영어를 네이티브처럼 말하고 쓰는 법_최정숙_동양북스(동양문고)_17,550
괴수 8호 8_마츠모토 나오야(유유리)_서울미디어코믹스(서울문화사)_5,400
2024 제7회 한국과학문학상 수상작품집_장민(박선영 외)_허블_6,930
괴수 8호 11_마츠모토 나오야(유유리)_서울미디어코믹스(서울문화사)_5,400
내 멋대로 날짜 뽑기_최은옥(김무연)_주니어김영사_11,700
멘탈의 공식_그레그 하든(허선영)_반니_17,100
디즈니 픽사 인사이드 아웃 2 아트북 : THE ART OF 인사이드 아웃 2_피트 닥터(켈시 만 외)_아르누보_31,500
식물, 상점_강민영_한겨레출판_13,500
불편한 편의점 2 (단풍 에디션)_김호연_나무옆의자_12,600
도파민네이션 (리미티드 에디션)_애나 렘키(김두완)_흐름출판_16,200
사랑인 줄 알았는데 부정맥_사단법인 전국유료실버타운협회 포푸라샤 편집부(이지수)_포레스트북스_11,970
가라오케 가자!_와야마 야마(현승희)_문학동네_7,650
전지적 푸바오 시점 (아이러푸 에디션)_송영관(에버랜드 동물원)(류정훈(에버랜드 커뮤니케이션 그룹) 외)_위즈덤하우스_21,600
오늘은 아무래도 덮밥_이마이 료(이진숙)_참돌_3,960
고전의 숲_김태완_포레스트북스_15,750
똑 부러지게 내 생각을 전하는 말하기 연습_임정민(히쩌미)_서사원주니어_12,870
나쓰메 소세키 기담집_나쓰메 소세키(히가시 마사오 외)_글항아리_16,200
유희왕 애장판 9_다카하시 카즈키_대원씨아이(만화)_10,800
탄수화물과 헤어질 결심_에베 코지(박중환 외)_세이버스_16,200
2024 재경관리사 세무회계_삼일회계법인_삼일인포마인_24,300
사람은 무엇으로 움직이는가_모리 타헤리포어(이수경)_인플루엔셜(주)_15,120
악마의 영문법 100법칙_도키요시 히데야(김의정)_더북에듀_20,700
인 디즈 워즈 4_Guilt|Pleasure(이은주)_MM코믹스_8,100
사장학개론_김승호_스노우폭스북스_22,500
밝은 밤_최은영_문학동네_13,950
내가 생각한 인생이 아니야_류시화_수오서재_16,200
지리의 힘_팀 마샬(김미선)_사이_18,000
노르웨이의 숲_무라카미 하루키(양억관)_민음사_15,300
용의자 X의 헌신_히가시노 게이고(양억관)_재인_16,920
철도원 삼대_황석영_창비_18,000
극락가 2_사노 유토_대원씨아이(만화)_5,400
아몬드_손원평_다즐링_15,120
이건 다만 사랑의 습관_안희연(황인찬)_창비_9,900
빨간내복야코 맞춤법 절대 안 틀리는 책 1_박종은(빨간내복야코 외)_위즈덤하우스_12,600
이상한 과자 가게 전천당 20_히로시마 레이코(쟈쟈 외)_길벗스쿨_11,700
2024 수제비 정보처리기사 실기 1권+2권 합본세트 - 전2권_윤영빈(서용욱 외)_건기원_36,000
2024 지텔프(G-TELP) 공식 기출문제집 7회분 (Level 2)_G-TELP KOREA(해커스 지텔프연구소)_(주)해커스_22,410
설민석의 삼국지 대모험 17_단꿈아이(스튜디오 담)_단꿈아이_10,800
가면 수집가 : 상_잠뜰TV(김수경 외)_서울문화사_11,700
2024 고종훈 한국사 지방직대비 동형모의고사_고종훈_발해북스_16,200
나목_박완서_세계사_16,920
용의자들_정해연_위즈덤하우스_13,950
안녕 바오_박남준_기역(ㄱ)_15,300
매일 만들어 먹고 싶은 디톡스 스무디 & 건강음료_김문정_레시피팩토리_17,820
부모의 말이 아이의 인생이 된다_박수현_심야책방_16,200
잔인한 낙관_로런 벌랜트(박미선 외)_후마니타스_31,500
교수처럼 문학 읽기_토마스 C. 포스터(손영미 외)_이루_22,500
맹순 씨네 아파트에 온 새_박임자(정맹순 외)_피스북스_14,400
TRS 행정법 쟁점답안지_박도원_(주)TRS 아카데미_23,400
안경, 때때로, 불량아 1_Naruki(김명은)_서울미디어코믹스(서울문화사)_4,950
순례 주택_유은실_비룡소_13,500
나는 배당투자로 매일 스타벅스 커피를 공짜로 마신다_송민섭(수페TV)_21세기북스_21,600
칵테일, 러브, 좀비 (리커버)_조예은_안전가옥_11,700
돈은 좋지만 재테크는 겁나는 너에게_뿅글이_황금부엉이_14,850
노인과 바다_어니스트 헤밍웨이(김욱동)_민음사_7,200
생각에 관한 생각_대니얼 카너먼(이창신)_김영사_26,820
무기가 되는 스토리_도널드 밀러(이지연)_윌북_15,120
아가미 (리커버)_구병모_위즈덤하우스_13,320
김수연의 아기발달 백과_김수연_지식너머_18,000
정욕_아사이 료(민경욱)_리드비_15,480
분실물이 돌아왔습니다_김혜정_오리지널스_14,400
명화의 탄생, 그때 그 사람 (리커버 에디션)_성수영_한경arte_18,900
벚꽃 수영장_신현경(노예지)_북스그라운드_15,120
알사탕_백희나_Storybowl(스토리보울)_13,500
해커스 토플 리딩 (Hackers TOEFL Reading)_David Cho_해커스어학연구소(Hackers)_23,400
하루 10분 초등 신문_오현선_서사원주니어_15,750
하나님, 그래서 그러셨군요!_신애라_규장(규장문화사)_17,550
내 아이를 위한 사교육은 없다_김현주_청림Life_16,200
하루 만에 수익 내는 실전 주식투자_강창권_길벗_18,000
유하다요 JLPT N3 한 권 스피드 합격_유하다요컨텐츠개발팀_유하다요_24,120
최초의 소설 시누헤 이야기_유성환_휴머니스트_21,600
2025 신광은 기본서 형법 각론_신광은_미래인재_35,100
나의 히어로 아카데미아 -팀업 미션- 6_아키야마 요코(호리코시 코헤이 외)_서울미디어코믹스(서울문화사)_5,400
2024 EBS 물류관리사 단기완성_박준혁(백소라 외)_신지원_36,000
필립 코틀러 마켓 6.0_필립 코틀러(허마원 카타자야 외)_더퀘스트_20,700
아이가 묻고 아빠가 답하다_이상환_도서출판 학영_19,950
인간은 의례를 갈망한다_디미트리스 지갈라타스(김미선)_민음사_18,000
변호사 어벤저스 1_고희정(최미란 외)_가나출판사_14,220
제가 만든 GPT는 당신이 만든 GPT와 전혀 다릅니다_유호석_리코멘드_19,800
사랑_마르그리트 뒤라스(장승리)_난다_13,500
그럼에도 불구하고 나는 내가 좋았어_박채린_북플레저_16,200
연잎 부침_백유연_웅진주니어_13,500
아무튼, 미드_손보미_제철소_10,800
내가 틀릴 수도 있습니다 (토마스 산체스 에디션)_비욘 나티코 린데블라드(토마스 산체스 외)_다산초당_18,000
바다가 들리는 편의점_마치다 소노코(황국영)_모모_14,400
소년과 두더지와 여우와 말_찰리 맥커시(이진경)_상상의힘_16,200
가재가 노래하는 곳_델리아 오언스(김선형)_살림_14,400
나의 돈 많은 고등학교 친구_송희구_서삼독_16,200
해커스 일본어 첫걸음 히라가나 가타카나 쓰기노트 + 무료 어플/동영상 제공_해커스 일본어연구소_해커스어학연구소(Hackers)_7,200
극락가 1_사노 유토_대원씨아이(만화)_5,400
원도_최진영_한겨레출판_13,500
마법의 연금 굴리기_김성일_에이지21_16,200
우리동네 어린이병원 육아대백과_손수예(박소영)_청림Life_24,300
종이 동물원_켄 리우(장성주)_황금가지_15,300
지방 대사 켜는 스위치온 다이어트_박용우_루미너스_14,400
동화 강아지똥_권정생(정승각 외)_길벗어린이_18,000
2024 시대에듀 사회조사분석사 2급 1차 필기 한권으로 끝내기_사회조사분석사 수험연구소_시대에듀_29,700
하이큐!! 45_후루다테 하루이치_대원씨아이(만화)_4,950
미 비포 유_조조 모예스(김선형)_다산책방_16,200
귀멸 학원! 5_호카미 나츠키(고토게 코요하루)_학산문화사(만화)_5,400
변변찮은 마술강사와 금기교전 22_히츠지 타로(미시마 쿠로네 외)_디앤씨미디어(주)(D&C미디어)_7,650
컨셉 라이팅_노윤주_북스톤_15,300
너와 세상 사이의 싸움에서_프란츠 카프카(홍성광)_민음사_9,900
오! 나의 여신님 신장판 10_후지시마 코스케_대원씨아이(만화)_13,500
프리즈너_B. A. 패리스(이나경)_모모_14,400
부동산이 돈이 되는 시그널을 기다려라_얼음공장(곰둥이주인 외)_황금부엉이_22,500
2025 에듀윌 사회복지사 1급 단원별 기출문제집_손용근_에듀윌_26,100
사일런트 위치 after 4_이소라 마츠리(후지미 난나 외)_영상출판미디어(주)_9,000
문학동네 119호 - 2024.여름_문학동네 편집부_문학동네_17,100
찢어진 종잇조각의 신_듀나_단비_15,300
오늘 밤, 세계에서 이 사랑이 사라진다 해도_이치조 미사키(권영주)_모모_12,600
작별하지 않는다_한강_문학동네_12,600
김재우의 영어회화 100_김재우_상상스퀘어_19,800
멋진 신세계_올더스 헉슬리(안정효)_(주)태일소담출판사_12,420
한 권으로 끝내는 해커스 토익 700+ (LC+RC+VOCA)_해커스어학연구소_해커스어학연구소(Hackers)_17,820
하나님의 열심_박영선_무근검(남포교회출판부)_18,000
당연하게도 나는 너를_이꽃님_우리학교_12,150
상처받지 않는 영혼_마이클 A. 싱어(이균형 외)_라이팅하우스_13,500
똑게육아_로리(김준희)_북로스트_19,980
10일 만에 끝내는 해커스 OPIc 오픽 (Advanced 공략)_해커스 오픽연구소_(주)해커스_22,500
나는 어떻게 삶의 해답을 찾는가_고명환_라곰_16,020
그대는 나의 여름이 되세요_서덕준_위즈덤하우스_15,300
창조적 행위 : 존재의 방식_릭 루빈(정지현)_코쿤북스_17,820
몰입의 기술_이윤규_더퀘스트_16,920
최재천의 곤충사회_최재천_열림원_16,200
여름 언덕에서 배운 것_안희연_창비_9,900
겸손의 힘_대릴 반 통게렌(신예용)_상상스퀘어_17,820
처음 읽는 그리스 로마 신화 11_최설희(한현동 외)_미래엔아이세움_12,150
주술회전 24_아쿠타미 게게(이정운)_서울미디어코믹스(서울문화사)_5,400
슈뻘맨의 숨은 과학 찾기 3_슈뻘맨(서후 외)_미래엔아이세움_12,600
2025 해커스임용 설보연 SANTA 교육학 찐 단권화 (이론+기출 Ver.)_설보연_해커스임용_34,200
타키 포오의 코믹 어드벤처 5_캐릭온TV(안도감 외)_대원키즈_13,050
기억나요?_시드니 스미스(김지은)_책읽는곰_13,500
영화도둑일기_한민수_미디어버스_12,600
홈·브런치_스기쿠보 아키마사(임지인)_나무수_4,500
사쿠라, 사쿠. 9_사키사카 이오(장혜영)_서울미디어코믹스(서울문화사)_5,400
타키 포오의 이세계 여행사 6_송도수(캐릭온TV 외)_대원키즈_13,050
괴수 8호 4_마츠모토 나오야(유유리)_서울미디어코믹스(서울문화사)_5,400
내 인생을 빛내줄 스마트폰 사진_담이_빌리버튼_17,820
귀엽다는 말 들은 적 없어!! 8 (특장판)_하루후지 나카바_대원씨아이(만화)_25,200
2024 오직 간호대생을 위한 간호사 면접_주선희(간호취업연구소)_홍지문_23,850
작업자의 사전_구구(서해인)_유유히_17,100
그래서 이런 고사성어가 생겼대요_우리누리(이경석)_길벗스쿨_11,700
신지영 교수의 언어감수성 수업_신지영_인플루엔셜(주)_16,200
초보도 수익나는 주식차트 심리분석 보는 법_박영수(정동술)_율도국_17,100
다시, 봄_김미희_봄담_13,500
시골, 여자, 축구_노해원_흐름출판_15,120
하나님의 마음 알기_김병삼_규장(규장문화사)_16,200
마케터의 밑줄_김상민_더퀘스트_16,920
우리들은 모두 *어 있다 1_킨다이치 렌쥬로_학산문화사(만화)_5,400
녹풍당의 사계절 18_시미즈 유우_대원씨아이(만화)_4,500
상자 속의 사나이_안톤 파블로비치 체호프(박현섭)_문학동네_13,050
기억 전달자_로이스 로리(장은수)_비룡소_14,400
보도 섀퍼의 돈_보도 섀퍼(이병서)_에포케_15,030
마케팅 설계자_러셀 브런슨(이경식)_윌북_22,320
거의 모든 일상 표현의 영어_케빈 강(해나 변)_사람in_15,300
유목민의 투자의 정석_유목민_리더스북_25,200
오늘의 일인분 일식_베터홈 협회(이진숙)_참돌_3,960
변신.시골의사_프란츠 카프카(전영애)_민음사_7,650
해커스 일본어 JLPT N3 (일본어능력시험) 한 권으로 합격_해커스 JLPT 연구소_해커스어학연구소(Hackers)_24,210
군주론 (무삭제 완역본)_니콜로 마키아벨리(김운찬)_현대지성_6,930
나라는 착각_그레고리 번스(홍우진)_흐름출판_19,800
자유론_존 스튜어트 밀(서병훈)_책세상_8,910
일의 격_신수정_턴어라운드_16,200
삼국지 원전 완역판 세트 - 전10권_요시카와 에이지(나관중 외)_코너스톤_19,800
경쟁 교육은 야만이다_김누리_해냄_16,650
여덟 단어_박웅현_인티N_15,300
2024 이기적 컴퓨터활용능력 2급 필기 기본서_홍태성(영진정보연구소)_영진.com(영진닷컴)_18,900
나의 첫 ETF 포트폴리오_송민섭(수페TV)_토네이도_15,300
2024 에듀윌 산업안전기사 필기 한권끝장 [이론편+기출문제편]_최창률_에듀윌_33,300
2024 시나공 정보처리기사 실기 기본서_길벗 R&D(김정준 외)_길벗_33,300
그리스 로마 신화 39 : 알렉산드로스와 술렁이는 세계_박시연(최우빈 외)_아울북_15,120
2024 주택과 세금_국세청 부동산납세과_DTW(더존테크윌)_7,000
다정하지만 만만하지 않습니다_정문정_문학동네_14,400
우리가 지켜낸 문화재_정인수(이선주)_풀빛미디어_12,600
중간사 수업_박양규_샘솟는기쁨_17,820
철야의 노래 18_코토야마(정은서)_대원씨아이(만화)_4,950
콜리플라워_이소연_창비_9,900
무엇이 인간관계를 힘들게 하는가_장샤오헝(정은지)_이든서재_16,020
도시에 대한 권리_앙리 르페브르(곽나연)_이숲_18,000
가무사리 숲의 느긋한 나날_미우라 시온(임희선)_청미래_13,950
클라우드 쿠쿠 랜드_앤서니 도어(최세희)_민음사_19,800
태어난 김에 생물 공부_헬렌 필처(고호관)_윌북_17,820
어머니와 딸, 애도의 글쓰기_피에르루이 포르(유치정)_문학과지성사_16,200
2024 에듀윌 전산세무 1급 한권끝장 (이론편 + 실무 & 최신기출편)_박진혁_에듀윌_34,200
열정의 배신_칼 뉴포트(김준수)_부키_13,500
듣는 법, 말하는 법_모티머 J. 애들러(박다솜)_유유_16,200
플랜B는 없다_맷 히긴스(방진이)_교보문고(단행본)_17,820
향락사회론_마쓰모토 타쿠야(임창석 외)_에디투스_22,500
동물농장_조지 오웰(도정일)_민음사_7,200
정의란 무엇인가_마이클 샌델(김명철 외)_와이즈베리_13,500
만복이네 떡집_김리리(이승현)_비룡소_11,700
어린 왕자_앙투안 드 생텍쥐페리(황현산)_열린책들_10,620
10대를 위한 정의란 무엇인가_마이클 샌델(신현주 외)_미래엔아이세움_10,800
해커스 토익 스타트 LC Listening (리스닝) 입문서_David Cho_해커스어학연구소(Hackers)_13,410
백년 허리 1 : 진단편_정선근_언탱글링_16,650
기분이 태도가 되지 말자_김수현_하이스트_14,400
눈부신 안부_백수린_문학동네_14,400
나 없이는 존재하지 않는 세상_카를로 로벨리(김정훈 외)_쌤앤파커스_16,200
읽으면서 바로 써먹는 어린이 속담_한날_파란정원_10,800
아비투스 (양장)_도리스 메르틴(배명자)_다산초당(다산북스)_19,800
경제기사 궁금증 300문 300답_곽해선_혜다_21,600
스파이 패밀리 12_엔도 타츠야_학산문화사(만화)_5,400
대화의 정석_정흥수(흥버튼)_FIKA(피카)_16,650
JLPT 일본어능력시험 한권으로 끝내기 N4_이치우(이한나)_다락원_24,300
나 혼자만 레벨업 10_장성락(REDICE STUDIO)(추공 외)_디앤씨웹툰비즈_14,400
해커스일본어 JLPT N1(일본어능력시험) 한 권으로 합격_해커스 JLPT 연구소_해커스어학연구소(Hackers)_24,210
총 균 쇠 (양장)_재레드 다이아몬드(강주헌)_김영사_32,220
고래 (문학동네 30주년 기념 특별판)_천명관_문학동네_14,850
노무현과 함께한 1000일_이정우_한겨레출판_22,500
토마토 컵라면_차정은_부크크(bookk)_8,000
큰별쌤 최태성의 별별한국사 7일의 기적 한국사능력검정시험 심화(1, 2, 3급)_최태성_이투스북_14,850
킨츠기_이사 와타나베(황연재)_책빛_13,500
하이큐!! 44_후루다테 하루이치_대원씨아이(만화)_4,950
최강의 AI 혁명 투자 세트 - 전3권 (초판 한정)_이형수_지베르니_45,000
4~7세 보고 만지는 수학은 이렇게 가르칩니다_최경희_블루무스_22,500
미국 배당주 투자_버핏타로(하루타케 메구미 외)_이레미디어_15,300
2024 김중규 ALL PASS 선행정학 모의고사 지방·서울9급_김중규_카스파(주)_18,000
괴수 8호 1_마츠모토 나오야(유유리)_서울미디어코믹스(서울문화사)_5,400
21세기 마지막 첫사랑_김빵_자이언트북스_14,220
어린이 희곡 : 노잣돈 갚기 프로젝트_최기우(김진희)_문학동네_6,750
귀엽다는 말 들은 적 없어!! 8_하루후지 나카바_대원씨아이(만화)_4,500
괴수 8호 5_마츠모토 나오야(유유리)_서울미디어코믹스(서울문화사)_5,400
아버지의 그림자_계승범_사계절_15,300
2024 국가공인 재경관리사 기출문제집_삼일회계법인_삼일인포마인_27,000
타오 씨 이야기_장재은_사계절_15,120
몸과 이야기하다, 언어와 춤추다_이시다 센(서하나)_1984Books_15,120
개발자를 위한 필수 수학_토마스 닐드(박해선)_한빛미디어_27,000
블록체인 트렌드 2022-2023_커넥팅랩_비즈니스북스_16,200
주정뱅이 연대기_마크 포사이스(임상훈)_비아북_16,650
세상의 모든 이야기는 신화에서 시작되었다_오키타 미즈호(이정미)_포레스트북스_16,020
복음을 들고 너에게 갈게_배준영_생명의말씀사_16,200
비와 너와 6_니카이도 코우_시리얼(학산문화사)_7,200
이세계 유유자적 농가 6_츠루기 야스유키(나이토 키노스케 외)_영상출판미디어(주)_4,950
카프카의 마지막 소송_베냐민 발린트(김정아)_문학과지성사_21,600
당신의 인생이 왜 힘들지 않아야 한다고 생각하십니까 (리커버)_아르투어 쇼펜하우어(김욱)_포레스트북스_15,750
우리가 빛의 속도로 갈 수 없다면_김초엽_허블_12,600
고층 입원실의 갱스터 할머니_양유진_21세기북스_16,920
무례한 친구가 생겼어요_크리스티나 퍼니발(케이티 드와이어 외)_리틀포레스트_15,030
종의 기원_정유정_은행나무_11,700
달과 6펜스_서머싯 몸(송무)_민음사_9,000
바깥은 여름_김애란_문학동네_13,050
2024.2025 큰별쌤 최태성의 별별한국사 시대별 기출문제집 한국사능력검정시험 심화(1.2.3급)_최태성_이투스북_17,550
ETS 토익 정기시험 기출입문서 RC 리딩_ETS_와이비엠_13,500
초역 니체의 말_프리드리히 니체(시라토리 하루히코 외)_삼호미디어_14,220
원펀맨 One Punch Man 29_ONE(무라타 유스케)_대원씨아이(만화)_4,950
설민석의 한국사 대모험 28_설민석(스토리박스 외)_단꿈아이_11,700
JLPT 일본어능력시험 한권으로 끝내기 N5_이치우(이한나)_다락원_24,300
수학, 개념 씹어먹고 공부해봤니? (알라딘 단독 리커버)_조안호_시공사_14,400
2024 유휘운 행정법총론 실전동형 모의고사_유휘운_메가스터디교육(공무원)_8,100
문재인의 독서노트_문재인_평산책방_14,400
오래되고 멋진 클래식 레코드 2_무라카미 하루키(홍은주)_문학동네_23,400
드래곤볼 SD 4_오오이시 나호(토리야마 아키라)_서울미디어코믹스(서울문화사)_9,000
2024 시대에듀 청소년상담사 2급 한권으로 끝내기_SD 청소년상담사 수험연구소_시대에듀_41,400
착! 붙는 중국어 독학 첫걸음_허은진(츠징위)_시사중국어사(시사에듀케이션)_15,120
Signature 헌법 핸드북_강성민_필통북스_15,300
지. : 지구의 운동에 대하여 8_우오토(하성호)_문학동네_7,200
전생했더니 슬라임이었던 건에 대하여 24_카와카미 타이키(후세 외)_㈜소미미디어_5,400
카난 님은 초보 악마 5_논코_학산문화사(만화)_5,400
감정 기복이 심한 편입니다만 (불안 에디션)_박한평_딥앤와이드(Deep&WIde)_16,200
이말년 4컷특급_이말년_서울미디어코믹스(서울문화사)_7,650
호랑이 빵집 3 : 진짜 호 셰프를 찾아라!_서지원(홍그림)_아르볼_12,600
에이든 도쿄 여행지도 2024-2025_타블라라사 편집부(이정기)_타블라라사_17,820
2024 EBS 물류관리사 벼락치기 핵심요약집_전표훈(백소라 외)_신지원_22,500
과거에 붙잡힌 사람을 위한 책_아리엘 슈워츠(김준기 외)_수오서재_15,300
역사는 돈이다_강승준_잇콘_29,700
그들의 신은 누구인가_김시온_재노북스_10,800
디즈니.픽사 인사이드 아웃 2_디즈니 동화 아트팀(백정선)_Oh!북스_10,800
여기사와 동물 귀를 가진 아이 2_터보엔진_학산문화사(만화)_5,400
그릿 GRIT (골드 에디션)_앤절라 더크워스(김미정)_비즈니스북스_16,200
내가 한 말을 내가 오해하지 않기로 함_문상훈_위너스북_17,820
자존감 수업_윤홍균_심플라이프_15,300
슬램덩크 신장재편판 5_이노우에 타케히코_대원씨아이(만화)_6,300
건강과 다이어트를 동시에 잡는 7대 3의 법칙 채소·과일식_조승우_바이북스_17,100
방구석 미술관 (40만 부 기념 특별판)_조원재_블랙피쉬_15,120
위대한 나의 발견 강점 혁명_갤럽 프레스_청림출판_27,000
사라진 것들_앤드루 포터(민은영)_문학동네_16,200
해커스 토익 실전 1000제 1 RC Reading(리딩) 문제집_해커스어학연구소_해커스어학연구소(Hackers)_10,710
비상식적 성공 법칙_간다 마사노리(서승범)_생각지도_15,300
원칙 Principles_레이 달리오(고영태)_한빛비즈_31,500
한 권으로 끝내는 해커스 토익 실전 LC+RC (모의고사+해설집) 문제집_해커스어학연구소_해커스어학연구소(Hackers)_16,110
회사는 엑셀을 가르쳐주지 않아요_쏘피(박성희)_메가스터디북스_16,200
칩 워, 누가 반도체 전쟁의 최후 승자가 될 것인가_크리스 밀러(노정태)_부키_25,200
해커스 여행일본어 10분의 기적_해커스JLPT연구소_해커스어학연구소(Hackers)_8,820
리얼리티 트랜서핑 1_바딤 젤란드(박인수)_정신세계사_9,900
영어회화 100일의 기적_문성현_넥서스_12,600
주식투자 무작정 따라하기_윤재수_길벗_20,700
귀신들의 땅_천쓰홍(김태성)_민음사_16,200
읽으면서 바로 써먹는 어린이 세계 여행_한날_파란정원_11,700
열혈강호 90_전극진(양재현)_대원씨아이(만화)_4,950
오십에 읽는 손자병법_최송목_유노북스_16,650
내가 천 개의 인생에서 배운 것들_김도윤_북로망스_16,200
자유론 (무삭제 완역본)_존 스튜어트 밀(박문재)_현대지성_6,930
2024 시나공 컴퓨터활용능력 1급 필기 기본서_길벗 R&D(강윤석 외)_길벗_28,800
해커스 토플 리스닝 (Hackers TOEFL Listening)_David Cho_해커스어학연구소(Hackers)_28,800
도올 주역 계사전_김용옥_통나무_25,200
초고령사회 일본이 사는 법_김웅철_매일경제신문사_16,200
불안한 완벽주의자를 위한 책_마이클 투히그(클라리사 옹 외)_수오서재_14,400
50이면 육아가 끝날 줄 알았다_로렌스 스타인버그(김경일 외)_저녁달_17,820
원리를 깨우치는 영문법_이동현_넥서스_16,200
물리학자는 두뇌를 믿지 않는다_브라이언 키팅(마크 에드워즈 외)_다산초당_16,650
오십 너머에도 천 개의 태양이 빛나고 있지_유인경_테라코타_15,300
침묵의 봄_레이첼 카슨(김은령 외)_에코리브르_19,800
읽는 기도_무명의기도자_더하트_4,950
우리가 반드시 가야 할 나라_천주영(읽는기도저자)_더하트_4,500
가족을 끊어내기로 했다_셰리 캠벨(제효영)_심심_18,900
신들과 함께_이상환_도서출판 학영_18,050
큐리어스 Curious_리처드 도킨스(데이비드 M. 버스 외)_페이지2(page2)_17,820
웹툰의 기술_우타카타(사키 카오루 외)_한즈미디어(한스미디어)_4,500
작은 변화에도 걱정이 많아지는 예비 엄마들에게_전종관_시공사_16,200
향기로운 꽃은 늠름하게 핀다 9_미카미 사카_대원씨아이(만화)_5,400
2024 국가공인 재경관리사 K-IFRS 재무회계_삼일회계법인_삼일인포마인_25,650
워런 버핏의 주주 서한 (특별 보급판, 무선)_워런 버핏(로렌스 커닝험 외)_에프엔미디어_15,030
경제가 쉬워지는 최소한의 수학_오국환_지상의책(갈매나무)_16,650
2025 경찰승진 시험대비 실무종합 세트 - 전4권_경찰실무교재 편찬위원_경찰공제회_40,000
나쓰코의 모험_미시마 유키오(정수윤)_알에이치코리아(RHK)_16,020
잃어버린 400년_강학종_세움북스_13,500
블루 록 24_노무라 유스케(카네시로 무네유키)_학산문화사(만화)_5,400
돌연한 출발_프란츠 카프카(전영애)_민음사_14,400
열세 번째 배심원_스티브 캐버나(서효령)_북로드_3,510
이스라엘에 대한 열 가지 신화_일란 파페(백선 외)_틈새책방_17,100
생각한 대로 말할 수 없어 답답했던 개발자를 위한 생각의 정리, 문서 작성법_카이마이 미즈히로(안동현)_프리렉_18,000
자각몽, 삶을 깨우는 기술_앤드류 홀레첵(이현주)_샨티_15,300
재미있다! 한국사 4_구완회(심차섭 외)_창비_9,900
나는 왜 이런 사람이 됐을까?_네시베 카흐라만(이은미)_추수밭(청림출판)_16,650
발명코믹북 무한의 계단 4_임우영(양선모)_서울문화사_13,500
GTO 파라다이스 로스트 17_후지사와 토루_학산문화사(만화)_5,400
첫사랑의 침공_권혁일_안전가옥_10,800
7번의 대전환_해롤드 제임스(정윤미 외)_21세기북스_26,820
식물이라는 세계_송은영_알에이치코리아(RHK)_27,000
하루 한 장 어반 스케치_김성호(박은희 외)_경향BP_15,930
다다미 넉 장 반의 가시공주 1_사토 자쿠리(요시다 무츠미)_대원씨아이(만화)_5,400
평화로운 나라의 시마자키에게 4_세시모 타케시(하마다 고우텐)_학산문화사(만화)_5,400
제철 채소로 차린 사계절 식탁_캐롤(박진희)_리틀프레스_21,600
블레이드 & 바스타드 1_후게츠 마코토(카규 쿠모 외)_디앤씨미디어(주)(D&C미디어)_5,400
나만의 GPTs 앱으로 생산성 10배 늘리기_용혜림_루비페이퍼_18,000
나답게 산다는 것_박은미_초록북스_17,100
이더리움 억만장자들_로라 신(박세연)_위즈덤하우스_28,800
Bad Company 4_Guilt|Pleasure(권수민)_MM코믹스_5,400
내일 음악이 사라진다면_양성원(김민형)_김영사_16,920
2024 써니 행정법각론 (기출지문 암기 App 이용쿠폰 제공)_박준철_지금(도서출판)_22,500
한국사회성격 논쟁 세미나 Ⅳ_윤소영_공감_23,750
상냥한 밀크 2_타카다 로즈_대원씨아이(만화)_5,400
흘러넘치는 밤에 2_아루가 리에_학산문화사(만화)_5,400
트렌드 코리아 2024_김난도(전미영 외)_미래의창_17,100
스즈키 바이올린 교본 1_세광음악 편집부_세광음악출판사_10,800
아홉 살에 시작하는 똑똑한 초등신문_신효원_책장속북스_15,750
해커스 토익 실전 1000제 1 LC Listening(리스닝) 문제집_해커스어학연구소_해커스어학연구소(Hackers)_10,710
명탐정 코난 104 (특장판)_아오야마 고쇼_서울미디어코믹스(서울문화사)_9,000
비폭력 대화_마셜 B. 로젠버그(캐서린 한)_한국NVC출판사_16,200
룩 백_후지모토 타츠키_학산문화사(만화)_5,400
대한민국 돈의 역사_홍춘욱_상상스퀘어_29,700
I의 비극_요네자와 호노부(문승준)_내친구의서재_16,200
놀라움의 힘_마이클 루셀(김지연)_상상스퀘어_19,800
봄의 폭풍과 몬스터 1_미츠바치 미유키(이슬)_학산문화사(만화)_5,400
혼자 공부하는 컴퓨터 구조 + 운영체제_강민철_한빛미디어_25,200
자기 결정_파스칼 메르시어(페터 비에리)(문항심)_은행나무_8,100
2024 산업안전기사 실기 [필답형+작업형] + 무료동영상_최윤정_구민사_40,500
채사장의 지대넓얕 9 : 세계의 탄생_채사장(마케마케 외)_돌핀북_13,500
무조건 팔리는 심리 마케팅 기술 100_사카이 도시오(최지현)_동양북스(동양문고)_16,020
악의_히가시노 게이고(양윤옥)_현대문학_15,120
요즘 역사 : 근대_황현필_역바연_16,200
시지프 신화_알베르 카뮈(김화영)_민음사_10,800
2024 시나공 정보처리기사 필기 기본서_길벗 R&D(강윤석 외)_길벗_31,500
10일 만에 끝내는 해커스 OPIc 오픽 START (Intermediate 공략)_해커스 오픽연구소_(주)해커스_22,500
군주론_니콜로 마키아벨리(최현주 외)_페이지2(page2)_15,300
끝나지 않은 일_비비언 고닉(김선형)_글항아리_16,200
나혼자 끝내는 독학 일본어 첫걸음_넥서스콘텐츠개발팀_넥서스Japanese_13,500
아무튼, 여름_김신회_제철소_10,800
AI × 인간지능의 시대_김상균_베가북스_16,650
직장 상사 악령 퇴치부_이사구_황금가지_15,300
과학 잔혹사_샘 킨(이충호)_해나무_22,500
게으른 자를 위한 수상한 화학책_이광렬_블랙피쉬_15,750
어른을 위한 두뇌 피트니스_개러스 무어(헬레나 겔레르젠 외)_FIKALIFE(피카라이프)_15,120
신인류의 탄생_허은순_현암사_16,650
2024 조태정 영어 백신 모의고사 (추론 출제 경향) Season 2_조태정_메가스터디교육(공무원)_6,300
혼자 공부하는 네트워크_강민철_한빛미디어_25,200
2024 국가공인 재경관리사 원가관리회계_삼일회계법인_삼일인포마인_25,650
로맨스 도파민_최영원(조수연 외)_안전가옥_14,400
COMPACT 형사소송법_김기용_타임노트_24,300
디어 에번 핸슨_밸 에미치(스티븐 레번슨 외)_현대문학_13,050
지. : 지구의 운동에 대하여 7_우오토(하성호)_문학동네_7,200
문호 스트레이독스 다자이, 추야 15세 2_호시카와 시와스(아사기리 카프카 외)_영상출판미디어(주)_5,400
살아 있는 모든 것에 안부를 묻다_니나 버튼(김희정)_열린책들_16,200
2024 해커스경찰 박철한 경찰헌법 실전동형모의고사 16회분 (경찰공무원)_박철한_해커스경찰_21,600
빙속성 남자와 쿨한 동료여자 9_토노가야 미유키_대원씨아이(만화)_7,200
한편 14호 : 특별호 쉼_민음사 편집부_민음사_9,000
불로소득 시대 부자들의 정체_앤드류 세이어(전강수)_여문책_34,200
착! 붙는 일본어 단어장 (스프링)_일본어 공부기술연구소_시사일본어사_13,320
독서의 기쁨 + 활자 안에서 유영하기 세트 - 전2권_김겨울_초록비책공방_31,500
마왕성에서 잘 자요 26_쿠마노마타 카기지(정은서)_대원씨아이(만화)_5,220
당신에게 가고 있어_김보영_새파란상상(파란미디어)_9,000
상장·코스닥 기업분석 2024.봄호_매경이코노미(에프앤가이드)_매일경제신문사_22,500
가느다란 마법사 ㉡ : 가느다란 마법사와 진짜 못해 강아지_김혜진(모차)_사계절_11,700
소셜 애니멀_데이비드 브룩스(이경식)_웅진지식하우스_20,700
수학 겉핥기_김일희(12math)_종이향기(인성재단)_27,000
시모츠키는 엑스트라를 좋아한다 4_야가미 카가미(Roha 외)_㈜소미미디어_7,200
예수운동_김근수_논형_26,600
괴수 8호 10_마츠모토 나오야(유유리)_서울미디어코믹스(서울문화사)_5,400
난생처음 독서 모임_김설_티라미수 더북_13,500
ETS 토익 정기시험 기출문제집 1000 Vol. 3 Reading (리딩)_ETS_(주)YBM(와이비엠)_16,020
ETS 토익 정기시험 기출문제집 1000 Vol. 3 Listening (리스닝)_ETS_(주)YBM(와이비엠)_16,020
달러구트 꿈 백화점_이미예_팩토리나인_12,420
이토록 공부가 재미있어지는 순간 (50만 부 기념 우리들 에디션)_박성혁_다산북스_16,200
이은경쌤의 초등어휘일력 365 (스프링)_이은경_포레스트북스_16,920
페인트 (반양장)_이희영_창비_11,700
마흔에 읽는 니체_장재형_유노북스_14,400
비스킷_김선미_위즈덤하우스_13,320
내가 가진 것을 세상이 원하게 하라 (2024년 성장 에디션)_최인아_해냄_15,750
고래_천명관_문학동네_13,500
브람스를 좋아하세요..._프랑수아즈 사강(김남주)_민음사_7,650
웡카_시빌 파운더(김난령 외)_시공주니어_14,400
생각이 너무 많은 어른들을 위한 심리학 (20만 부 기념 리커버 에디션)_김혜남_메이븐_16,020
원피스 106_오다 에이치로_대원씨아이(만화)_4,950
결혼·여름_알베르 카뮈(장소미)_녹색광선_17,820
완전 배출_조승우_사이몬북스_17,100
도쿄 에일리언즈 8_NAOE(박소현)_서울미디어코믹스(서울문화사)_5,400
해커스 토익 실전 1000제 2 RC Reading(리딩) 문제집_해커스어학연구소_해커스어학연구소(Hackers)_10,710
부의 인문학 (20만부 기념 개정증보판)_우석(브라운스톤)_오픈마인드_15,300
채식주의자 (리마스터판)_한강_창비_13,500
한 사람의 노래가 온 거리에 노래를_신경림_창비_6,300
스파이 패밀리 11_엔도 타츠야_학산문화사(만화)_5,400
소유냐 존재냐_에리히 프롬(차경아)_까치_12,150
